route_id,agency_id,route_short_name,Type,avg_co2_per_vehicle_per_km,avg_passenger_count,assigned_engine_type,assigned_engine_factor_gCO2_per_km
1016,HSL,16,A-bus,1100,11.0,Bus - ICE,92.0
1020,HSL,20,D-bus,0,18.0,Bus - BEV,30.5
1021,HSL,21,A-bus,1100,11.0,Bus - ICE,92.0
1021N,HSL,21N,A-bus,1100,11.0,Bus - ICE,92.0
1022,HSL,22,A-bus,1100,11.0,Bus - ICE,92.0
1022B,HSL,22B,A-bus,1100,11.0,Bus - ICE,92.0
1023,HSL,23,A-bus,0,11.0,Bus - BEV,30.5
1024,HSL,24,A-bus,0,11.0,Bus - BEV,30.5
1025,HSL,25,A-bus,0,11.0,Bus - BEV,30.5
1026,HSL,26,M-bus,230,1.5,Bus - HEV,71.0
1030,HSL,30,D-bus,0,18.0,Bus - BEV,30.5
1031,HSL,31,M-bus,230,1.5,Bus - HEV,71.0
1032,HSL,32,M-bus,230,1.5,Bus - HEV,71.0
1033,HSL,33,M-bus,230,1.5,Bus - HEV,71.0
1034,HSL,34,M-bus,230,1.5,Bus - HEV,71.0
1035,HSL,35,M-bus,230,1.5,Bus - HEV,71.0
1036,HSL,36,M-bus,230,1.5,Bus - HEV,71.0
1037,HSL,37,A-bus,0,11.0,Bus - BEV,30.5
1040,HSL,40,D-bus,0,18.0,Bus - BEV,30.5
1041,HSL,41,A-bus,0,11.0,Bus - BEV,30.5
1042,HSL,42,A-bus,0,11.0,Bus - BEV,30.5
1052,HSL,52,A-bus,0,11.0,Bus - BEV,30.5
1053,HSL,53,A-bus,0,11.0,Bus - BEV,30.5
1054,HSL,54,C-bus,1300,14.0,Bus - ICE,92.0
1055,HSL,55,A-bus,0,11.0,Bus - BEV,30.5
1056,HSL,56,A-bus,0,11.0,Bus - BEV,30.5
1057,HSL,57,C-bus,0,14.0,Bus - BEV,30.5
1059,HSL,59,C-bus,0,14.0,Bus - BEV,30.5
1061,HSL,61,C-bus,1300,14.0,Bus - ICE,92.0
1061N,HSL,61N,C-bus,1300,14.0,Bus - ICE,92.0
1063,HSL,63,C-bus,1300,14.0,Bus - ICE,92.0
1064,HSL,64,C-bus,1300,14.0,Bus - ICE,92.0
1065,HSL,65,C-bus,1300,14.0,Bus - ICE,92.0
1066,HSL,66,C-bus,1300,14.0,Bus - ICE,92.0
1067,HSL,67,C-bus,1300,14.0,Bus - ICE,92.0
1067N,HSL,67N,C-bus,1300,14.0,Bus - ICE,92.0
1069,HSL,69,A-bus,1100,11.0,Bus - ICE,92.0
1070,HSL,70,A-bus,1100,11.0,Bus - ICE,92.0
1071,HSL,71,C-bus,1300,14.0,Bus - ICE,92.0
1073,HSL,73,C-bus,1300,14.0,Bus - ICE,92.0
1073N,HSL,73N,C-bus,1300,14.0,Bus - ICE,92.0
1074,HSL,74,C-bus,1300,14.0,Bus - ICE,92.0
1074N,HSL,74N,C-bus,1300,14.0,Bus - ICE,92.0
1075,HSL,75,C-bus,1300,14.0,Bus - ICE,92.0
1077,HSL,77,C-bus,0,14.0,Bus - BEV,30.5
1077N,HSL,77N,C-bus,1300,14.0,Bus - ICE,92.0
1078,HSL,78,C-bus,1300,14.0,Bus - ICE,92.0
1078N,HSL,78N,C-bus,1300,14.0,Bus - ICE,92.0
1079,HSL,79,C-bus,0,14.0,Bus - BEV,30.5
1079B,HSL,79B,A-bus,1100,11.0,Bus - ICE,92.0
1079N,HSL,79N,C-bus,0,14.0,Bus - BEV,30.5
1080,HSL,80,A-bus,0,11.0,Bus - BEV,30.5
1081,HSL,81,A-bus,0,11.0,Bus - BEV,30.5
1082,HSL,82,A-bus,0,11.0,Bus - BEV,30.5
1082B,HSL,82B,A-bus,0,11.0,Bus - BEV,30.5
1083,HSL,83,A-bus,0,11.0,Bus - BEV,30.5
1084,HSL,84,C-bus,0,14.0,Bus - BEV,30.5
1085,HSL,85,C-bus,0,14.0,Bus - BEV,30.5
1085B,HSL,85B,A-bus,0,11.0,Bus - BEV,30.5
1085K,HSL,85K,A-bus,0,11.0,Bus - BEV,30.5
1085N,HSL,85N,C-bus,0,14.0,Bus - BEV,30.5
1086,HSL,86,A-bus,0,11.0,Bus - BEV,30.5
1086K,HSL,86K,C-bus,0,14.0,Bus - BEV,30.5
1086N,HSL,86N,C-bus,0,14.0,Bus - BEV,30.5
1087,HSL,87,C-bus,0,14.0,Bus - BEV,30.5
1087N,HSL,87N,C-bus,0,14.0,Bus - BEV,30.5
1088,HSL,88,C-bus,0,14.0,Bus - BEV,30.5
1089,HSL,89,C-bus,0,14.0,Bus - BEV,30.5
1090,HSL,90,A-bus,1100,11.0,Bus - ICE,92.0
1090A,HSL,90A,A-bus,1100,11.0,Bus - ICE,92.0
1090N,HSL,90N,C-bus,1300,14.0,Bus - ICE,92.0
1092,HSL,92,A-bus,0,11.0,Bus - BEV,30.5
1092N,HSL,92N,C-bus,0,14.0,Bus - BEV,30.5
1094,HSL,94,A-bus,0,11.0,Bus - BEV,30.5
1094A,HSL,94A,A-bus,0,11.0,Bus - BEV,30.5
1094B,HSL,94B,M-bus,230,1.5,Bus - HEV,71.0
1094N,HSL,94N,A-bus,0,11.0,Bus - BEV,30.5
1095,HSL,95,A-bus,0,11.0,Bus - BEV,30.5
1095N,HSL,95N,C-bus,0,14.0,Bus - BEV,30.5
1096,HSL,96,A-bus,1100,11.0,Bus - ICE,92.0
1096N,HSL,96N,C-bus,1300,14.0,Bus - ICE,92.0
1097,HSL,97,A-bus,0,11.0,Bus - BEV,30.5
1097N,HSL,97N,C-bus,0,14.0,Bus - BEV,30.5
1097V,HSL,97V,A-bus,0,11.0,Bus - BEV,30.5
1098,HSL,98,A-bus,0,11.0,Bus - BEV,30.5
1500,HSL,500,C-bus,0,14.0,Bus - BEV,30.5
1506,HSL,506,A-bus,1100,11.0,Bus - ICE,92.0
1603,HSL,603,M-bus,230,1.5,Bus - HEV,71.0
1701,HSL,701,M-bus,230,1.5,Bus - HEV,71.0
1702,HSL,702,M-bus,230,1.5,Bus - HEV,71.0
1704,HSL,704,M-bus,230,1.5,Bus - HEV,71.0
1802,HSL,802,M-bus,230,1.5,Bus - HEV,71.0
1805,HSL,805,M-bus,230,1.5,Bus - HEV,71.0
1812,HSL,812,M-bus,230,1.5,Bus - HEV,71.0
1813,HSL,813,M-bus,230,1.5,Bus - HEV,71.0
1814,HSL,814,M-bus,230,1.5,Bus - HEV,71.0
1815,HSL,815,M-bus,230,1.5,Bus - HEV,71.0
1816,HSL,816,M-bus,230,1.5,Bus - HEV,71.0
1817,HSL,817,M-bus,230,1.5,Bus - HEV,71.0
1818,HSL,818,M-bus,230,1.5,Bus - HEV,71.0
1831,HSL,831,A-bus,0,11.0,Bus - BEV,30.5
1831K,HSL,831K,A-bus,0,11.0,Bus - BEV,30.5
1839,HSL,839,M-bus,230,1.5,Bus - HEV,71.0
1839K,HSL,839K,M-bus,230,1.5,Bus - HEV,71.0
2105,HSL,105,A-bus,1100,11.0,Bus - ICE,92.0
2108N,HSL,108N,A-bus,1100,11.0,Bus - ICE,92.0
2111,HSL,111,A-bus,1100,11.0,Bus - ICE,92.0
2112N,HSL,112N,C-bus,1300,14.0,Bus - ICE,92.0
2113,HSL,113,A-bus,1100,11.0,Bus - ICE,92.0
2113N,HSL,113N,A-bus,1100,11.0,Bus - ICE,92.0
2114,HSL,114,A-bus,1100,11.0,Bus - ICE,92.0
2114N,HSL,114N,A-bus,1100,11.0,Bus - ICE,92.0
2116,HSL,116,M-bus,230,1.5,Bus - HEV,71.0
2117,HSL,117,M-bus,230,1.5,Bus - HEV,71.0
2118,HSL,118,A-bus,1100,11.0,Bus - ICE,92.0
2118N,HSL,118N,A-bus,1100,11.0,Bus - ICE,92.0
2119,HSL,119,M-bus,230,1.5,Bus - HEV,71.0
2121,HSL,121,A-bus,1100,11.0,Bus - ICE,92.0
2121A,HSL,121A,A-bus,1100,11.0,Bus - ICE,92.0
2124,HSL,124,A-bus,1100,11.0,Bus - ICE,92.0
2125,HSL,125,A-bus,1100,11.0,Bus - ICE,92.0
2125N,HSL,125N,A-bus,1100,11.0,Bus - ICE,92.0
2133,HSL,133,A-bus,1100,11.0,Bus - ICE,92.0
2134N,HSL,134N,C-bus,1300,14.0,Bus - ICE,92.0
2137,HSL,137,M-bus,230,1.5,Bus - HEV,71.0
2138,HSL,138,M-bus,230,1.5,Bus - HEV,71.0
2145,HSL,145,A-bus,1100,11.0,Bus - ICE,92.0
2146N,HSL,146N,C-bus,1300,14.0,Bus - ICE,92.0
2147,HSL,147,C-bus,1300,14.0,Bus - ICE,92.0
2147N,HSL,147N,C-bus,1300,14.0,Bus - ICE,92.0
2148,HSL,148,M-bus,230,1.5,Bus - HEV,71.0
2149,HSL,149,M-bus,230,1.5,Bus - HEV,71.0
2158,HSL,158,A-bus,1100,11.0,Bus - ICE,92.0
2159,HSL,159,A-bus,1100,11.0,Bus - ICE,92.0
2162,HSL,162,A-bus,1100,11.0,Bus - ICE,92.0
2163,HSL,163,A-bus,1100,11.0,Bus - ICE,92.0
2163K,HSL,163K,A-bus,1100,11.0,Bus - ICE,92.0
2164,HSL,164,C-bus,1300,14.0,Bus - ICE,92.0
2164K,HSL,164K,C-bus,1300,14.0,Bus - ICE,92.0
2165,HSL,165,C-bus,1300,14.0,Bus - ICE,92.0
2165N,HSL,165N,A-bus,1100,11.0,Bus - ICE,92.0
2166,HSL,166,A-bus,1100,11.0,Bus - ICE,92.0
2166K,HSL,166K,M-bus,230,1.5,Bus - HEV,71.0
2167,HSL,167,M-bus,230,1.5,Bus - HEV,71.0
2168,HSL,168,M-bus,230,1.5,Bus - HEV,71.0
2169,HSL,169,M-bus,230,1.5,Bus - HEV,71.0
2200,HSL,200,C-bus,1300,14.0,Bus - ICE,92.0
2201,HSL,201,M-bus,230,1.5,Bus - HEV,71.0
2201B,HSL,201B,A-bus,550,11.0,Bus - HEV,71.0
2202,HSL,202,A-bus,550,11.0,Bus - HEV,71.0
2203,HSL,203,A-bus,550,11.0,Bus - HEV,71.0
2206,HSL,206,A-bus,550,11.0,Bus - HEV,71.0
2206K,HSL,206K,A-bus,550,11.0,Bus - HEV,71.0
2207,HSL,207,M-bus,230,1.5,Bus - HEV,71.0
2212,HSL,212,A-bus,0,11.0,Bus - BEV,30.5
2213,HSL,213,A-bus,0,11.0,Bus - BEV,30.5
2213N,HSL,213N,A-bus,0,11.0,Bus - BEV,30.5
2214,HSL,214,A-bus,550,11.0,Bus - HEV,71.0
2215,HSL,215,A-bus,550,11.0,Bus - HEV,71.0
2224,HSL,224,A-bus,550,11.0,Bus - HEV,71.0
2224B,HSL,224B,A-bus,550,11.0,Bus - HEV,71.0
2225,HSL,225,A-bus,550,11.0,Bus - HEV,71.0
2227,HSL,227,A-bus,550,11.0,Bus - HEV,71.0
2229,HSL,229,M-bus,230,1.5,Bus - HEV,71.0
2231N,HSL,231N,A-bus,550,11.0,Bus - HEV,71.0
2232,HSL,232,M-bus,230,1.5,Bus - HEV,71.0
2235N,HSL,235N,A-bus,550,11.0,Bus - HEV,71.0
2236,HSL,236,A-bus,550,11.0,Bus - HEV,71.0
2236B,HSL,236B,A-bus,550,11.0,Bus - HEV,71.0
2236V,HSL,236V,A-bus,550,11.0,Bus - HEV,71.0
2239,HSL,239,A-bus,550,11.0,Bus - HEV,71.0
2241,HSL,241,M-bus,230,1.5,Bus - HEV,71.0
2241V,HSL,241V,M-bus,230,1.5,Bus - HEV,71.0
2242,HSL,242,M-bus,230,1.5,Bus - HEV,71.0
2244,HSL,244,A-bus,1100,11.0,Bus - ICE,92.0
2245,HSL,245,A-bus,1100,11.0,Bus - ICE,92.0
2246,HSL,246,A-bus,1100,11.0,Bus - ICE,92.0
2246K,HSL,246K,A-bus,1100,11.0,Bus - ICE,92.0
2246KT,HSL,246KT,A-bus,1100,11.0,Bus - ICE,92.0
2246T,HSL,246T,A-bus,1100,11.0,Bus - ICE,92.0
2321,HSL,321,C-bus,1300,14.0,Bus - ICE,92.0
2345,HSL,345,C-bus,1300,14.0,Bus - ICE,92.0
2345N,HSL,345N,C-bus,1300,14.0,Bus - ICE,92.0
2348,HSL,348,A-bus,1100,11.0,Bus - ICE,92.0
2348K,HSL,348K,A-bus,1100,11.0,Bus - ICE,92.0
2349,HSL,349,A-bus,1100,11.0,Bus - ICE,92.0
2349B,HSL,349B,A-bus,1100,11.0,Bus - ICE,92.0
2349BK,HSL,349BK,A-bus,1100,11.0,Bus - ICE,92.0
2436N,HSL,436N,C-bus,1300,14.0,Bus - ICE,92.0
2502,HSL,502,A-bus,0,11.0,Bus - BEV,30.5
2510,HSL,510,C-bus,1300,14.0,Bus - ICE,92.0
2523,HSL,523,C-bus,1300,14.0,Bus - ICE,92.0
2531,HSL,531,A-bus,1100,11.0,Bus - ICE,92.0
2533,HSL,533,C-bus,1300,14.0,Bus - ICE,92.0
2542,HSL,542,C-bus,1300,14.0,Bus - ICE,92.0
2544,HSL,544,A-bus,1100,11.0,Bus - ICE,92.0
2548,HSL,548,A-bus,1100,11.0,Bus - ICE,92.0
2549,HSL,549,A-bus,1100,11.0,Bus - ICE,92.0
2550,HSL,550,C-bus,1300,14.0,Bus - ICE,92.0
2553,HSL,553,A-bus,1100,11.0,Bus - ICE,92.0
2553K,HSL,553K,A-bus,1100,11.0,Bus - ICE,92.0
2582,HSL,582,A-bus,1100,11.0,Bus - ICE,92.0
2582V,HSL,582V,A-bus,1100,11.0,Bus - ICE,92.0
4300,HSL,300,C-bus,1300,14.0,Bus - ICE,92.0
4311,HSL,311,A-bus,1100,11.0,Bus - ICE,92.0
4313,HSL,313,M-bus,230,1.5,Bus - HEV,71.0
4335,HSL,335,A-bus,1100,11.0,Bus - ICE,92.0
4335B,HSL,335B,C-bus,1300,14.0,Bus - ICE,92.0
4400,HSL,400,C-bus,1300,14.0,Bus - ICE,92.0
4413,HSL,413,M-bus,230,1.5,Bus - HEV,71.0
4415N,HSL,415N,C-bus,1300,14.0,Bus - ICE,92.0
4431,HSL,431,C-bus,1300,14.0,Bus - ICE,92.0
4431B,HSL,431B,C-bus,1300,14.0,Bus - ICE,92.0
4431N,HSL,431N,C-bus,1300,14.0,Bus - ICE,92.0
4433,HSL,433,A-bus,0,11.0,Bus - BEV,30.5
4434,HSL,434,A-bus,0,11.0,Bus - BEV,30.5
4443,HSL,443,A-bus,0,11.0,Bus - BEV,30.5
4443K,HSL,443K,A-bus,0,11.0,Bus - BEV,30.5
4444,HSL,444,M-bus,230,1.5,Bus - HEV,71.0
4444T,HSL,444T,M-bus,230,1.5,Bus - HEV,71.0
4445,HSL,445,A-bus,0,11.0,Bus - BEV,30.5
4446,HSL,446,M-bus,230,1.5,Bus - HEV,71.0
4447,HSL,447,M-bus,230,1.5,Bus - HEV,71.0
4518,HSL,518,A-bus,0,11.0,Bus - BEV,30.5
4522,HSL,522,A-bus,550,11.0,Bus - HEV,71.0
4522B,HSL,522B,A-bus,550,11.0,Bus - HEV,71.0
4560,HSL,560,C-bus,1300,14.0,Bus - ICE,92.0
4561,HSL,561,A-bus,1100,11.0,Bus - ICE,92.0
4562,HSL,562,A-bus,1100,11.0,Bus - ICE,92.0
4570,HSL,570,D-bus,0,18.0,Bus - BEV,30.5
4571,HSL,571,C-bus,1300,14.0,Bus - ICE,92.0
4572,HSL,572,A-bus,1100,11.0,Bus - ICE,92.0
4574,HSL,574,A-bus,1100,11.0,Bus - ICE,92.0
4576,HSL,576,A-bus,1100,11.0,Bus - ICE,92.0
4587,HSL,587,A-bus,1100,11.0,Bus - ICE,92.0
4588,HSL,588,A-bus,1100,11.0,Bus - ICE,92.0
4588B,HSL,588B,A-bus,1100,11.0,Bus - ICE,92.0
4600,HSL,600,C-bus,1300,14.0,Bus - ICE,92.0
4611,HSL,611,C-bus,1300,14.0,Bus - ICE,92.0
4611B,HSL,611B,C-bus,1300,14.0,Bus - ICE,92.0
4614,HSL,614,A-bus,1100,11.0,Bus - ICE,92.0
4617,HSL,617,A-bus,1100,11.0,Bus - ICE,92.0
4619,HSL,619,A-bus,0,11.0,Bus - BEV,30.5
4623,HSL,623,A-bus,1100,11.0,Bus - ICE,92.0
4624,HSL,624,A-bus,0,11.0,Bus - BEV,30.5
4624N,HSL,624N,A-bus,0,11.0,Bus - BEV,30.5
4625,HSL,625,M-bus,230,1.5,Bus - HEV,71.0
4631,HSL,631,A-bus,0,11.0,Bus - BEV,30.5
4633,HSL,633,A-bus,1100,11.0,Bus - ICE,92.0
4711,HSL,711,C-bus,0,14.0,Bus - BEV,30.5
4713,HSL,713,M-bus,230,1.5,Bus - HEV,71.0
4713B,HSL,713B,M-bus,230,1.5,Bus - HEV,71.0
4717,HSL,717,C-bus,0,14.0,Bus - BEV,30.5
4717K,HSL,717K,C-bus,0,14.0,Bus - BEV,30.5
4717N,HSL,717N,C-bus,0,14.0,Bus - BEV,30.5
4718,HSL,718,A-bus,0,11.0,Bus - BEV,30.5
4718A,HSL,718A,A-bus,0,11.0,Bus - BEV,30.5
4719,HSL,719,M-bus,230,1.5,Bus - HEV,71.0
4719B,HSL,719B,M-bus,230,1.5,Bus - HEV,71.0
4719K,HSL,719K,M-bus,230,1.5,Bus - HEV,71.0
4721,HSL,721,A-bus,0,11.0,Bus - BEV,30.5
4721N,HSL,721N,C-bus,0,14.0,Bus - BEV,30.5
4723,HSL,723,M-bus,230,1.5,Bus - HEV,71.0
4724,HSL,724,A-bus,0,11.0,Bus - BEV,30.5
4731,HSL,731,A-bus,0,11.0,Bus - BEV,30.5
4731N,HSL,731N,C-bus,0,14.0,Bus - BEV,30.5
4734,HSL,734,A-bus,0,11.0,Bus - BEV,30.5
4735,HSL,735,A-bus,0,11.0,Bus - BEV,30.5
4736,HSL,736,A-bus,0,11.0,Bus - BEV,30.5
4736B,HSL,736B,C-bus,0,14.0,Bus - BEV,30.5
4737,HSL,737,C-bus,0,14.0,Bus - BEV,30.5
4737K,HSL,737K,A-bus,0,11.0,Bus - BEV,30.5
4739,HSL,739,C-bus,0,14.0,Bus - BEV,30.5
5520,HSL,520,C-bus,0,14.0,Bus - BEV,30.5
5530,HSL,530,C-bus,0,14.0,Bus - BEV,30.5
5566,HSL,566,A-bus,1100,11.0,Bus - ICE,92.0
5583,HSL,583,A-bus,0,11.0,Bus - BEV,30.5
5583K,HSL,583K,A-bus,0,11.0,Bus - BEV,30.5
5584,HSL,584,A-bus,0,11.0,Bus - BEV,30.5
5584T,HSL,584T,A-bus,0,11.0,Bus - BEV,30.5
6171,HSL,171,A-bus,0,11.0,Bus - BEV,30.5
6171B,HSL,171B,A-bus,0,11.0,Bus - BEV,30.5
6171Z,HSL,171Z,A-bus,0,11.0,Bus - BEV,30.5
6172,HSL,172,A-bus,0,11.0,Bus - BEV,30.5
6173,HSL,173,A-bus,0,11.0,Bus - BEV,30.5
6173N,HSL,173N,A-bus,0,11.0,Bus - BEV,30.5
6173Z,HSL,173Z,A-bus,0,11.0,Bus - BEV,30.5
6175,HSL,175,A-bus,0,11.0,Bus - BEV,30.5
6175V,HSL,175V,A-bus,0,11.0,Bus - BEV,30.5
6181,HSL,181,A-bus,0,11.0,Bus - BEV,30.5
6181K,HSL,181K,A-bus,0,11.0,Bus - BEV,30.5
6182,HSL,182,A-bus,0,11.0,Bus - BEV,30.5
6182A,HSL,182A,A-bus,0,11.0,Bus - BEV,30.5
6243,HSL,243,A-bus,1100,11.0,Bus - ICE,92.0
6243V,HSL,243V,A-bus,1100,11.0,Bus - ICE,92.0
6901,HSL,901,A-bus,0,11.0,Bus - BEV,30.5
6901K,HSL,901K,A-bus,0,11.0,Bus - BEV,30.5
6902,HSL,902,A-bus,0,11.0,Bus - BEV,30.5
6902K,HSL,902K,A-bus,0,11.0,Bus - BEV,30.5
6903,HSL,903,A-bus,0,11.0,Bus - BEV,30.5
6903K,HSL,903K,A-bus,0,11.0,Bus - BEV,30.5
6904,HSL,904,A-bus,0,11.0,Bus - BEV,30.5
6906,HSL,906,A-bus,0,11.0,Bus - BEV,30.5
6907,HSL,907,A-bus,0,11.0,Bus - BEV,30.5
6908,HSL,908,A-bus,0,11.0,Bus - BEV,30.5
6908K,HSL,908K,A-bus,0,11.0,Bus - BEV,30.5
6909,HSL,909,A-bus,0,11.0,Bus - BEV,30.5
6909K,HSL,909K,A-bus,0,11.0,Bus - BEV,30.5
6911,HSL,911,A-bus,0,11.0,Bus - BEV,30.5
6912,HSL,912,A-bus,1100,11.0,Bus - ICE,92.0
6912K,HSL,912K,A-bus,1100,11.0,Bus - ICE,92.0
6913A,HSL,913A,M-bus,230,1.5,Bus - HEV,71.0
6913B,HSL,913B,M-bus,230,1.5,Bus - HEV,71.0
6913BT,HSL,913BT,M-bus,230,1.5,Bus - HEV,71.0
6914,HSL,914,A-bus,1100,11.0,Bus - ICE,92.0
6914B,HSL,914B,A-bus,1100,11.0,Bus - ICE,92.0
6914T,HSL,914T,A-bus,1100,11.0,Bus - ICE,92.0
6915A,HSL,915A,M-bus,230,1.5,Bus - HEV,71.0
6915AK,HSL,915AK,M-bus,230,1.5,Bus - HEV,71.0
6915B,HSL,915B,M-bus,230,1.5,Bus - HEV,71.0
6915BK,HSL,915BK,M-bus,230,1.5,Bus - HEV,71.0
6915T,HSL,915T,A-bus,1100,11.0,Bus - ICE,92.0
6916,HSL,916,A-bus,1100,11.0,Bus - ICE,92.0
6916K,HSL,916K,M-bus,230,1.5,Bus - HEV,71.0
6917,HSL,917,M-bus,230,1.5,Bus - HEV,71.0
9633N,HSL,633N,A-bus,550,11.0,Bus - HEV,71.0
9641,HSL,641,A-bus,550,11.0,Bus - HEV,71.0
9642,HSL,642,A-bus,550,11.0,Bus - HEV,71.0
9642K,HSL,642K,A-bus,550,11.0,Bus - HEV,71.0
9643,HSL,643,A-bus,550,11.0,Bus - HEV,71.0
9643K,HSL,643K,C-bus,650,14.0,Bus - HEV,71.0
9643N,HSL,643N,A-bus,1100,11.0,Bus - ICE,92.0
9665,HSL,665,A-bus,1100,11.0,Bus - ICE,92.0
9665A,HSL,665A,A-bus,1100,11.0,Bus - ICE,92.0
9665K,HSL,665K,A-bus,1100,11.0,Bus - ICE,92.0
9665N,HSL,665N,A-bus,1100,11.0,Bus - ICE,92.0
9738,HSL,738,A-bus,550,11.0,Bus - HEV,71.0
9785,HSL,785,C-bus,0,14.0,Bus - BEV,30.5
9785K,HSL,785K,A-bus,0,11.0,Bus - BEV,30.5
9787,HSL,787,C-bus,0,14.0,Bus - BEV,30.5
9787A,HSL,787A,C-bus,0,14.0,Bus - BEV,30.5
9787B,HSL,787B,A-bus,0,11.0,Bus - BEV,30.5
9787K,HSL,787K,A-bus,0,11.0,Bus - BEV,30.5
9788,HSL,788,A-bus,0,11.0,Bus - BEV,30.5
9788B,HSL,788B,A-bus,0,11.0,Bus - BEV,30.5
9788K,HSL,788K,C-bus,0,14.0,Bus - BEV,30.5
9841,HSL,841,A-bus,0,11.0,Bus - BEV,30.5
9841B,HSL,841B,A-bus,0,11.0,Bus - BEV,30.5
9841N,HSL,841N,A-bus,0,11.0,Bus - BEV,30.5
9842,HSL,842,A-bus,0,11.0,Bus - BEV,30.5
9843,HSL,843,A-bus,0,11.0,Bus - BEV,30.5
9844,HSL,844,A-bus,0,11.0,Bus - BEV,30.5
9961,HSL,961,A-bus,1100,11.0,Bus - ICE,92.0
9961B,HSL,961B,A-bus,1100,11.0,Bus - ICE,92.0
9963,HSL,963,A-bus,550,11.0,Bus - HEV,71.0
9964,HSL,964,A-bus,550,11.0,Bus - HEV,71.0
9964K,HSL,964K,M-bus,230,1.5,Bus - HEV,71.0
9965,HSL,965,M-bus,230,1.5,Bus - HEV,71.0
9965K,HSL,965K,A-bus,1100,11.0,Bus - ICE,92.0
9966,HSL,966,A-bus,1100,11.0,Bus - ICE,92.0
9967,HSL,967,M-bus,230,1.5,Bus - HEV,71.0
9967K,HSL,967K,M-bus,230,1.5,Bus - HEV,71.0
9971,HSL,971,M-bus,230,1.5,Bus - HEV,71.0
9972,HSL,972,A-bus,550,11.0,Bus - HEV,71.0
9973,HSL,973,A-bus,550,11.0,Bus - HEV,71.0
9975,HSL,975,A-bus,550,11.0,Bus - HEV,71.0
9975N,HSL,975N,A-bus,550,11.0,Bus - HEV,71.0
9976,HSL,976,A-bus,550,11.0,Bus - HEV,71.0
9977,HSL,977,A-bus,550,11.0,Bus - HEV,71.0
9977V,HSL,977V,A-bus,550,11.0,Bus - HEV,71.0
9978,HSL,978,A-bus,550,11.0,Bus - HEV,71.0
9978K,HSL,978K,A-bus,550,11.0,Bus - HEV,71.0
9982,HSL,982,A-bus,0,11.0,Bus - BEV,30.5
9984,HSL,984,A-bus,0,11.0,Bus - BEV,30.5
9984K,HSL,984K,A-bus,0,11.0,Bus - BEV,30.5
9985,HSL,985,A-bus,550,11.0,Bus - HEV,71.0
9986,HSL,986,C-bus,0,14.0,Bus - BEV,30.5
9986B,HSL,986B,C-bus,0,14.0,Bus - BEV,30.5
9987,HSL,987,A-bus,0,11.0,Bus - BEV,30.5
9987A,HSL,987A,A-bus,0,11.0,Bus - BEV,30.5
9987B,HSL,987B,A-bus,0,11.0,Bus - BEV,30.5
9987T,HSL,987T,A-bus,0,11.0,Bus - BEV,30.5
9989,HSL,989,A-bus,0,11.0,Bus - BEV,30.5
9989A,HSL,989A,A-bus,0,11.0,Bus - BEV,30.5
9989B,HSL,989B,A-bus,0,11.0,Bus - BEV,30.5
9989V,HSL,989V,A-bus,0,11.0,Bus - BEV,30.5
9992,HSL,992,C-bus,0,14.0,Bus - BEV,30.5
9993,HSL,993,C-bus,0,14.0,Bus - BEV,30.5
9993K,HSL,993K,A-bus,0,11.0,Bus - BEV,30.5
9994,HSL,994,A-bus,0,11.0,Bus - BEV,30.5
9994K,HSL,994K,A-bus,0,11.0,Bus - BEV,30.5
9995,HSL,995,A-bus,0,11.0,Bus - BEV,30.5
9996,HSL,996,A-bus,0,11.0,Bus - BEV,30.5
